nom,prenom,titre,etude,adresse,npa,ville,date_inscription,canton
Adank-Janett,Selina,MLaw,Kunz Schmid Rechtsanwälte und Notare AG,Gäuggelistrasse 1,7001,Chur,06.07.2018,GR
Allenspach,Claudio,lic. iur.,Allenspach Advokatur,Hofstrasse 11,7000,Chur,17.12.2004,GR
Allenspach,Reto,lic. iur.,Reto Allenspach Rechtsanwalt,Quaderstrasse 5,7001,Chur,17.12.2004,GR
Annen,Reto Tony,lic. iur.,Kanzlei Kornplatz AG,Kornplatz 2,7001,Chur,16.12.2005,GR
Augustin,Massimo Gianni,MLaw,Fryberg Augustin Breitenmoser Partner,Quaderstrasse 8,7001,Chur,29.06.2021,GR
Augustin,Vincent Alois,Dr. iur.,Fryberg Augustin Breitenmoser Partner,Quaderstrasse 8,7001,Chur,13.01.1984,GR
Bänziger,Martina Gerda,lic. iur.,BänzigerPallySchuler KLG,Bahnhofstrasse 7,7001,Chur,16.10.2009,GR
Bänziger,Otmar,Dr. iur.,BänzigerPallySchuler KLG,Bahnhofstrasse 7,7001,Chur,20.06.1972,GR
Baretta,Mazzoni Ylenia,lic. iur.,SwissLegal Lardi & Partner AG,Reichsgasse 65,7000,Chur,19.01.2007,GR
Bärlocher,Christian,lic. iur.,Christian Bärlocher Rechtsanwalt,Rüfegasse 12A,7208,Malans,02.11.1993,GR
Barth,Thomas,lic. iur.,Barth & Partner Advokatur AG,Sassalstrasse 44,7001,Chur,22.06.2001,GR
Battaglia,Josi,Dr. iur.,Advokaturbüro Josi Battaglia,Crasta 6,7503,Samedan,05.07.1972,GR
Benz,Patrick Guido,lic. iur.,Caviezel Partner AG,Masanserstrasse 136,7000,Chur,18.12.1992,GR
Berther,Placi,lic. iur.,Advokaturbüro Berther Via,Alpsu 119,7187,Camischolas,12.01.1990,GR
Bettio-Peng,Karin,lic. iur.,Advokatur Karin Peng,Falknisstrasse 10,7205,Zizers,26.09.2013,GR
Bianchi,Silvio C.,Dr. iur.,Kanzlei am Martinsplatz St.,Martinsplatz 8,7001,Chur,09.12.1980,GR
Biancotti,Marco Beniamino Dino,lic. iur.,Avv. Marco Biancotti Via,Maistra 39,7500,St. Moritz,14.01.1988,GR
Bieger,Andri,,M.A. HSG Brändli Rechtsanwälte AG,Aquasanastrasse 8,7000,Chur,07.11.2023,GR
Blumenthal,Christina,,M.A. HSG Blumenthal Advokatur,Obergass 1,7414,Fürstenau,30.05.2013,GR
Blumer,Elisabeth,lic. iur.,Advokaturbüro Elisabeth Blumer,Quaderstrasse 5,7001,Chur,09.01.1987,GR
Bondolfi,Ilario,lic. iur.,Studio legale Ilario Bondolfi,Hofstrasse 11,7000,Chur,13.12.1996,GR
Bongulielmi,Reto Gioachino Pietro,lic. iur.,Studio legale Reto Bongulielmi Residenza al Mai,,6535,Roveredo,03.07.1967,GR
Bonorand,Jachen Curdin,Dr. iur.,Büro Bonorand,Süsswinkelgasse 20,7001,Chur,14.01.1988,GR
Brändli,Tobias,MLaw,Brändli Rechtsanwälte AG,Aquasanastrasse 8,7000,Chur,11.11.2014,GR
Breitenmoser,Marc Gian,lic. iur.,Fryberg Augustin Breitenmoser Partner,Quaderstrasse 8,7000,Chur,20.01.2006,GR
Brivio,Nicola Matteo Amilcare,lic. iur.,Lüthi & Bondolfi Via,Retica 26,7503,Samedan,24.06.2005,GR
Brüesch,Andrea,Dr. iur.,Advokatur Dr. iur. Andrea Brüesch,Werkstrasse 2,7000,Chur,13.01.1984,GR
Brülisauer,Flavia,MLaw,Kanzlei Kornplatz AG,Kornplatz 2,7001,Chur,03.07.2015,GR
Brunner,Josef,lic. iur.,Advokaturbüro Josef Brunner,Poststrasse 3,7130,Ilanz,14.07.1975,GR
Brunner,Andrea Martin,MLaw,Caviezel Partner AG,Masanserstrasse 136,7000,Chur,10.01.2023,GR
Brunner,Seres Sabrina,MLaw,DRSP Advokatur & Notariat,Hartbertstrasse 11,7001,Chur,15.01.2016,GR
Buchli,Jörimann Flavia,lic. iur.,Buchli Just Advokatur und Notariat,Masanserstrasse 35,7001,Chur,15.06.2007,GR
Bühler,Gian Reto,lic. iur.,Areum Rechtsanwälte AG,Sennhofstrasse 19,7001,Chur,05.07.2013,GR
Bundi,Marco,Dr. iur.,Meisser & Partners AG,Schulstrasse 1,7302,Landquart,18.06.2004,GR
Bürer,Hans-Ulrich,lic. iur.,Advokatur und Notariat Bürer Hinterm,Bach 6,7001,Chur,15.06.1989,GR
Burtscher,Benno,lic. iur.,Advokaturbüro Benno Burtscher Hinterm,Bach 6,7001,Chur,03.08.1990,GR
Cahannes,Barla,lic. iur.,Advokatur-Notariat Cahannes,Quaderstrasse 22,7000,Chur,08.01.1998,GR
Cahannes,Romano,lic. iur.,Advokatur-Notariat Cahannes,Quaderstrasse 22,7000,Chur,22.06.2001,GR
Cahenzli,Remo,lic. iur.,Advokaturbüro Remo Cahenzli,Städtlistrasse 12,7130,Ilanz,15.01.1999,GR
Caluori,Corina,Dr. iur.,Caviezel Partner AG,Masanserstrasse 136,7000,Chur,03.07.2015,GR
Camenisch,Irmgard,lic. iur.,Advokaturbüro Irmgard Camenisch,Quaderstrasse 5,7001,Chur,15.06.1989,GR
Cantieni,Andrea,Dr. iur.,HSG Caviezel Thöny Cantieni Scarpatetti,Bahnhofstrasse 8,7000,Chur,19.06.1991,GR
Casanova,Thomas,lic. iur.,Kanzlei Kornplatz AG,Kornplatz 2,7001,Chur,13.06.1985,GR
Casanova,Angela,MLaw,Caviezel Partner AG,Masanserstrasse 136,7000,Chur,26.06.2025,GR
Castelberg,Thomas Alfred,Dr. iur.,Vincenz & Partner,Masanserstrasse 40,7000,Chur,23.06.2000,GR
Castelli,Michel,lic. iur.,Advokaturbüro Castelli Via,Stredas 3,7500,St. Moritz,03.07.2002,GR
Cathomen,Peder,lic. iur.,Advokaturbüro Peder Cathomen Veia,Vedem 3,7458,Mon,18.12.1992,GR
Caviezel,Wilfried,lic. iur.,Advocatur am Nicolai,Kornplatz 2,7001,Chur,18.06.1992,GR
Caviezel,Gieri,Dr. iur.,Caviezel Partner AG,Masanserstrasse 136,7000,Chur,12.01.1989,GR
Caviezel,Karin,lic. iur.,SwissLegal Lardi & Partner AG,Reichsgasse 65,7000,Chur,17.08.1987,GR
Cavigelli,Mario,Dr. iur.,Cavigelli Beratung Via,Concordia 1,7013,Domat/Ems,14.06.1995,GR
Christoffel,Hansjürg,lic. iur.,Schmid Christoffel Rechtsanwälte AG Obere,Strasse 19,7270,Davos Platz,07.11.2006,GR
Colombo,Chiara Valentina,MLaw,Visinoni & Metzger Via dal,Bagn 3,7500,St. Moritz,14.01.2026,GR
Conrad,Luca Curdin,MLaw,Lardelli Conrad Advokatur Notariat,Hartbertstrasse 1,7001,Chur,08.07.2016,GR
Conrad,Peter Curdin,Dr. iur.,Lardelli Conrad Advokatur Notariat,Hartbertstrasse 1,7001,Chur,22.01.1973,GR
Crameri,Reto Luzius Cordin,Dr. iur.,Kunz Schmid Rechtsanwälte und Notare AG,Gäuggelistrasse 1,7001,Chur,08.07.2016,GR
Däppen,Robert Kenneth,Dr. iur.,Däppen Rechtsanwälte,Bahnhofstrasse 8,7000,Chur,22.04.1995,GR
Däppen-Müller,Silvia,Dr. iur.,Däppen Rechtsanwälte,Bahnhofstrasse 8,7000,Chur,23.06.2000,GR
Davatz,Mathias Kaspar,MLaw,Mengiardi Fey & Partner,Ottostrasse 4,7001,Chur,23.01.2020,GR
De,Vecchi Raffaele Bernardo Paolo,lic. iur.,Nievergelt & Stoehr AG Via,Maistra 5,7500,St. Moritz,17.06.2015,GR
Decurtins,Flavio Tobia,MLaw,Caviezel Partner AG,Masanserstrasse 136,7000,Chur,03.07.2015,GR
Diener,Peter,Dr. iur.,Advokaturbüro Peter Diener Untere,Gasse 49,7012,Felsberg,28.01.1974,GR
Dietrich,Patrick,MLaw,Advokatur Cahannes,Quaderstrasse 22,7001,Chur,19.07.2017,GR
Dolf,Remo,Dr. iur.,Kunz Schmid Rechtsanwälte und Notare AG,Gäuggelistrasse 1,7001,Chur,20.01.2017,GR
Domenig,Jürg,Dr. iur.,Advokatur Domenig Hinterm,Bach 40,7001,Chur,16.06.1988,GR
Domenig,Pascal Michel,Dr. iur.,HSG Domenig Legal GmbH,Quaderstrasse 8,7000,Chur,29.11.2010,GR
Donatsch,Sereina Annina,MLaw,Kunz Schmid Rechtsanwälte und Notare AG,Gäuggelistrasse 1,7001,Chur,26.06.2025,GR
Druey,Just Eva,Dr. iur.,Vincenz & Partner,Masanserstrasse 40,7000,Chur,16.06.2006,GR
Duff,Mirco,MLaw,Kanzlei Kornplatz AG,Kornplatz 2,7001,Chur,07.07.2017,GR
Duff,Sascha Marcel,lic. iur.,Kanzlei Kornplatz AG,Kornplatz 2,7001,Chur,06.07.2012,GR
Dupont,Alain,lic. iur.,LL.M. Dupont Revesz Partner,Blumenweg 10,7205,Zizers,28.05.2004,GR
Eggimann,Kevin,MLaw,Visinoni & Metzger Via dal,Bagn 3,7500,St. Moritz,21.01.2022,GR
Egli,Alexander Stefan,MLaw,Buchli Just Advokatur und Notariat,Masanserstrasse 35,7001,Chur,04.06.2015,GR
Elmer-Sonder,Seraina,MLaw,Lardelli Conrad Advokatur Notariat,Hartbertstrasse 1,7001,Chur,17.01.2014,GR
Engi,Andrea,lic. iur.,Advokaturbüro Andrea Engi,Zedernweg 1,7000,Chur,26.01.1976,GR
Ettisberger,Marco Rudolf,Dr. iur.,Ettisberger & Partner,Kornplatz 2,7000,Chur,09.12.1980,GR
Eugster,Hans Peter,lic. iur.,Eugster Advokatur,Montalinstrasse 13D,7203,Trimmis,10.01.1989,GR
Felix,Gaudenz Jeannine,lic. iur.,Advokatur JFG Via,Maistra 191,7504,Pontresina,22.01.2010,GR
Fey,Christian Marc-Andrea,MLaw,Mengiardi Fey & Partner,Ottostrasse 4,7001,Chur,12.04.2013,GR
Fiordalisi-Hunger,Europa Katharina,MLaw,Buchli Just Advokatur und Notariat,Masanserstrasse 35,7001,Chur,05.07.2019,GR
Fleischhauer,Michael,lic. iur.,Advokatur Michael Fleischhauer,Carausch 7,7203,Trimmis,12.07.1976,GR
Flütsch,Andreas,lic. iur.,Flütsch Advokatur & Notariat GmbH,Promenade 87,7270,Davos Platz,16.06.2006,GR
Fry,Cecilia Giulia,MLaw,Nievergelt & Stoehr AG,Crappun 8,7503,Samedan,25.06.2024,GR
Fryberg,Pius,lic. iur.,et oec. Fryberg Augustin Breitenmoser Partner,Quaderstrasse 8,7001,Chur,11.07.1977,GR
Fuchs,Annick Elke,MLaw,Caviezel Partner AG,Masanserstrasse 138,7000,Chur,14.01.2026,GR
Ganzoni,Riet Andrea,lic. iur.,Ganzoni & Pedretti AG Via,Maistra 1,7500,St. Moritz,26.03.1996,GR
Ghidoni,Mario Antonio Teresio,lic. iur.,Studio legale M.A. Ghidoni Via in,Bòla 6,6535,Roveredo,14.12.1989,GR
Gilli,Ursin Luca,MLaw,Kunz Schmid Rechtsanwälte und Notare AG,Gäuggelistrasse 1,7001,Chur,18.12.2020,GR
Giovannini,Michelangelo,lic. iur.,Vincenz & Partner,Masanserstrasse 40,7000,Chur,19.05.2000,GR
Giovanoli,Dario,MLaw,Advokaturbüro Dario Giovanoli Via da,Ftan 408,7550,Scuol,18.06.2010,GR
Giovanoli,Livio,MLaw,Vincenz & Partner AG,Masanserstrasse 40,7000,Chur,24.10.2023,GR
Gorfer,Martina,lic. iur.,Advokatur Gorfer Via,Maistra 24,7500,St. Moritz,18.01.2008,GR
Götz,Fabienne,MLaw,SwissLegal Lardi & Partner AG,Reichsgasse 65,7000,Chur,02.07.2025,GR
Gustin,Andri,MLaw,", LL.M. Gadient + Partner",Werkstrasse 2,7000,Chur,23.01.2020,GR
Heinz,Marx,Dr. iur.,Advokaturbüro Marx Heinz Ober,Ruvria 8,7430,Thusis,13.01.1967,GR
Heldstab,Ursina,MLaw,Advocatur am Nicolai,Kornplatz 2,7001,Chur,06.07.2018,GR
Heller,Tanja,lic. iur.,Advokaturbüro Tanja Heller Voa davos,Lai 19a,7078,Lenzerheide,13.06.2007,GR
Herold,Andreas,lic. iur.,Advokaturbüro Andreas Herold,Goldgasse 4,7000,Chur,08.01.1979,GR
Hess,Thomas Friedrich,lic. iur.,Notariatsbüro Hess,Heinzenbergstrasse 51,7425,Masein,12.01.1994,GR
Hew,Christian,lic. iur.,Mattli & Hew,Promenade 60,7270,Davos Platz,18.06.1992,GR
Holliger,Raphaela Petra,Dr. iur.,Advokatur-Notariat Cahannes,Quaderstrasse 22,7000,Chur,29.06.2021,GR
Honegger,Diana,lic. iur.,Advokaturbüro Diana Honegger,Scalettastrasse 116,7000,Chur,12.01.1994,GR
Infanger,Dominik,Dr. iur.,Gadient + Partner,Werkstrasse 2,7000,Chur,22.06.2001,GR
Isepponi,Alice,MLaw,BänzigerPallySchuler KLG,Bahnhofstrasse 7,7001,Chur,29.11.2024,GR
Janett,Markus,lic. iur.,Schnyder Janett Advokatur & Notariat,Schulstrasse 1,7302,Landquart,14.01.1988,GR
Joos,Hans,Dr. iur.,Advokaturbüro Dr. iur. Hans Joos Plazza da,Scoula 12,7500,St. Moritz,09.01.1976,GR
Jörger,Werner,Dr. iur.,Advokaturbüro Werner Jörger,Kornplatz 12,7000,Chur,11.01.1980,GR
Just,Hermann,lic. iur.,Buchli Just Advokatur und Notariat,Masanserstrasse 35,7001,Chur,18.06.1993,GR
Kaiser,Nathan,lic. iur.,HSG Anwaltskanzlei Nathan Kaiser Via vers,Chardens 8,7513,Silvaplana,12.02.1999,GR
Kasper,Johannes,,M.A. HSG Kasper Advokatur,Talstrasse 1,7250,Klosters,04.07.2014,GR
Keller,Cristina Raffaella Lucia,lic. iur.,et oec. Studio legale e notarile Fabrizio Keller e Partner SVAia a la,Mota 1,6537,Grono,15.12.2000,GR
Keller,Fabrizio Francesco,lic. iur.,Studio legale e notarile Fabrizio Keller e Partner SVAia a la,Mota 1,6537,Grono,13.06.1988,GR
Keller,Roberto Angelo,lic. iur.,Studio legale Roberto A. Keller Via de la,Grida 11,6535,Roveredo,10.01.1992,GR
Kistler,Hansjörg,Dr. iur.,Kistler & Kollegen,Promenade 132A,7260,Davos Dorf,28.01.1974,GR
Kocher,Christine Julia,lic. iur.,Schawalder + Kocher,Landstrasse 180,7250,Klosters,21.06.2023,GR
Kocher,Hans Peter,Dr. iur.,Schawalder + Kocher,Landstrasse 180,7250,Klosters,15.01.1999,GR
Kohlik,Karel,Dr. iur.,HSG Advokaturbüro Kohlik Via,Quadrellas 8,7500,St. Moritz,10.12.2002,GR
Kunz,Rudolf,Dr. iur.,Kunz Schmid Rechtsanwälte und Notare AG,Gäuggelistrasse 1,7001,Chur,19.06.1997,GR
Kuster,Matthias Johann,Dr. iur.,Vincenz & Partner,Masanserstrasse 40,7000,Chur,04.06.2015,GR
Lanfranchi,Arianna Chiara,MLaw,Mengiardi Fey & Partner,Ottostrasse 4,7001,Chur,21.06.2023,GR
Lardelli,Reto Albert,lic. iur.,Lardelli Conrad Advokatur Notariat,Hartbertstrasse 1,7001,Chur,14.06.1984,GR
Lardi,Elia Cesare,MLaw,Advokatur Lardi Hinterm,Bach 40,7000,Chur,15.11.2012,GR
Lardi,Mauro,lic. iur.,LL.M. SwissLegal Lardi & Partner AG,Reichsgasse 65,7000,Chur,16.06.2006,GR
Lazzarini,Guido,Dr. iur.,Advokatur und Notariat Lazzarini Plazza da,Scoula 12,7500,St. Moritz,14.06.1984,GR
Lüthi,Gian Gaudenz,Dr. iur.,Lüthi & Bondolfi Via,Retica 26,7503,Samedan,09.12.1980,GR
Luzi,Conradin Mathias,lic. iur.,Caviezel Partner AG,Masanserstrasse 136,7000,Chur,05.07.2013,GR
Marti,Michael Dominik,MLaw,Mengiardi Fey & Partner,Ottostrasse 4,7001,Chur,21.11.2024,GR
Marty,Dieter,lic. iur.,Advokatur Dieter R. Marty,Alexanderstrasse 8,7001,Chur,12.01.1994,GR
Marugg,Rita,lic. iur.,Advokaturbüro Marugg,Bündtistrasse 3,7220,Schiers,15.06.2007,GR
Mathis,Manuela Filomena Noemi,lic. iur.,trennungsanliegen,Rätusstrasse 22,7000,Chur,08.01.1998,GR
Mattli,Georg Septimus,lic. iur.,LL.M. Mattli & Hew,Promenade 60,7270,Davos Platz,21.02.2011,GR
Mazzetta,Susanna,lic. iur.,Advokaturbüro Mazzetta,Gürtelstrasse 24,7001,Chur,19.06.1997,GR
Mehli,Michelle,MLaw,Vincenz & Partner,Masanserstrasse 40,7000,Chur,23.06.2020,GR
Meile,Thomas Jakob,lic. iur.,Advokaturbüro Thomas J. Meile Via,Ruinatsch 5,7500,St. Moritz,09.12.1980,GR
Mengiardi,Andri,Dr. iur.,Mengiardi Fey & Partner,Ottostrasse 4,7001,Chur,24.10.2008,GR
Mengiardi,Nicole,lic. iur.,Mengiardi Fey & Partner,Ottostrasse 4,7001,Chur,23.04.2010,GR
Mengiardi,Reto,Dr. iur.,Mengiardi Fey & Partner,Ottostrasse 4,7001,Chur,18.09.1972,GR
Merk,Fabiola,MLaw,Flütsch Advokatur & Notariat GmbH,Promenade 87,7270,Davos Platz,28.06.2022,GR
Metzger,Rainer,Dr. iur.,Advokaturbüro Rainer Metzger,Alexanderstrasse 38,7000,Chur,23.08.1971,GR
Metzger,Stefan,lic. iur.,Visinoni & Metzger Via dal,Bagn 3,7500,St. Moritz,23.06.2000,GR
Michael,Gian-Luca,MLaw,Linde Law AG,Hofstrasse 11,7000,Chur,21.01.2022,GR
Micheli,Michele,MLaw,Nievergelt & Stoehr AG Via,Maistra 5,7500,St. Moritz,05.07.2019,GR
Moder,Jon Andri,lic. iur.,Vincenz & Partner,Masanserstrasse 40,7000,Chur,10.01.1986,GR
Möhr,Marco,Dr. iur.,Kanzlei Kornplatz AG,Kornplatz 2,7001,Chur,11.06.1987,GR
Mutzner,Andreas Jürg,MLaw,A.Mutzner AG,Masanserstrasse 40,7000,Chur,04.07.2014,GR
Neiger,Nina Lea,MLaw,", LL.M. Nievergelt & Stoehr AG",Crappun 8,7503,Samedan,29.11.2024,GR
Nievergelt,Thomas,lic. iur.,Nievergelt & Stoehr AG,Crappun 8,7503,Samedan,12.01.1990,GR
Nievergelt,Giston Claudia,lic. iur.,Nievergelt & Stoehr AG,Crappun 8,7503,Samedan,11.01.2019,GR
Nigg,Reto,lic. iur.,SwissLegal Lardi & Partner AG,Reichsgasse 65,7000,Chur,23.12.2005,GR
Nobile-Imberti,Ursula,lic. iur.,Studio legale e notarile Fabrizio Keller e Partner SVAia a la,Mota 1,6537,Grono,24.06.2005,GR
Noi,Leandro,lic. iur.,Studio legale Leandro Noi Via,Risera 16,6556,Leggia,15.12.2006,GR
Nollo,Davide,MLaw,Studio legale avv. Andrea Toschini,Piaza 10,6535,Roveredo,18.12.2020,GR
Ochsner,Stephan,Dr. iur.,LL.M. Ochsner Law,Castaletweg 35,7206,Igis,24.06.1999,GR
Oesch,Laura,lic. iur.,Advokatur & Mediation Oesch,Bahnhofstrasse 4,7000,Chur,28.05.2001,GR
Pally,Duri,Dr. iur.,BänzigerPallySchuler KLG,Bahnhofstrasse 7,7001,Chur,18.01.1993,GR
Pasciuti,Alberto Alessandro,MLaw,Studio legale Alberto Pasciuti Strada,Cantonal 70,6535,Roveredo,14.12.2007,GR
Pedretti,Ramiro,MLaw,Ganzoni & Pedretti AG Via,Maistra 1,7500,St. Moritz,05.07.2014,GR
Peng,Gian Luca,MLaw,Caviezel Partner AG,Masanserstrasse 136,7000,Chur,05.07.2019,GR
Perl,Andrin,lic. iur.,Perl Advokatur und Notariat,Vazerolgasse 2,7001,Chur,19.06.1986,GR
Pers,Ronny Patrick,MLaw,Kunz Schmid Rechtsanwälte und Notare AG,Gäuggelistrasse 1,7001,Chur,18.06.2010,GR
Pfiffner,Mario,lic. iur.,Schwarzenbach & Pfiffner Via,Maistra 7,7500,St. Moritz,12.01.1990,GR
Philipp,Peter,Dr. iur.,DRSP Advokatur & Notariat,Hartbertstrasse 11,7001,Chur,11.01.2002,GR
Pianta,Plinio Andrea Giovanni,Dr. iur.,Studio legale Pianta Plinio Via,Principale 307,7743,Brusio,22.01.1973,GR
Pinggera,Lukas,MLaw,SwissLegal Lardi & Partner AG,Reichsgasse 65,7000,Chur,23.06.2020,GR
Pleisch,Patricia,,M.A.HSG Brändli Rechtsanwälte AG,Aquasanastrasse 8,7000,Chur,26.06.2025,GR
Pool,Marco,lic. iur.,Advokaturbüro Marco Pool Via,Tinus 3,7500,St. Moritz,14.01.1983,GR
Pool,Federico,,Gualtiero M.A. HSG Wolff & Pool AG Via,Tinus 3,7500,St. Moritz,01.04.2016,GR
Priuli,Valerio,Dr. iur.,BänzigerPallySchuler KLG,Bahnhofstrasse 7,7000,Chur,08.03.2019,GR
Racioppi,Giuliano,lic. iur.,Racioppi & Partner AG,Bahnhofstrasse 7,7001,Chur,15.06.2007,GR
Rageth,Sigisbert,Dr. iur.,Advokatur Dr. iur. Sigis Rageth Via,Caguils 36,7013,Domat-Ems,25.06.1981,GR
Ramming,Fadri,lic. iur.,RAMMING Advokatur & Notariat Hinterm,Bach 6,7001,Chur,21.06.1991,GR
Ranzi,Guido,lic. iur.,Advokaturbüro Guido Ranzi,Quaderstrasse 5,7001,Chur,30.05.1992,GR
Raschein,Lorenz Christian,MLaw,Mengiardi Fey & Partner,Ottostrasse 4,7001,Chur,21.01.2022,GR
Riedi,Jürg,Dr. iur.,DRSP Advokatur & Notariat,Hartbertstrasse 11,7001,Chur,14.07.1975,GR
Riedi,Severin,Dr. iur.,DRSP Advokatur & Notariat,Hartbertstrasse 11,7001,Chur,05.07.2013,GR
Roth,Hauser Elisabeth Margaretha,Dr. iur.,LL.M. Advokaturbüro Elisabeth Roth,Suravia 74,7537,Müstair,31.01.1983,GR
Rothwangl-Bosshard,Sonja,lic. iur.,LL.M. Ganzoni & Pedretti AG Via,Maistra 1,7500,St. Moritz,02.03.2012,GR
Ruoss,Reto Thomas,Dr. iur.,RTR Rechtsanwälte AG,Waldstrasse 1,7050,Arosa,16.03.1987,GR
Rupp,Claudio,Dr. iur.,Advokaturbüro Claudio Rupp,Bondastrasse 32,7000,Chur,11.01.1996,GR
Rusconi,Nicola,,Kirstin Rechtsanwältin Advocatur am Nicolai,Kornplatz 2,7001,Chur,11.05.2004,GR
Saratz,Nuot Peter,Dr. iur.,Advokaturbüro Nuot Saratz Giassa,Stipa 10,7504,Pontresina,09.12.1974,GR
Saupper,Eveline Maria,Dr. iur.,Anwaltskanzlei Saupper,Stradunng 28,7460,Savognin,01.04.1987,GR
Sax,Ernst,lic. iur.,Suenderhauf Sax Schäfer,Gäuggelistrasse 29,7001,Chur,20.06.2003,GR
Scarpatetti,Adrian,lic. iur.,Caviezel Thöny Cantieni Scarpatetti,Bahnhofstrasse 8,7000,Chur,19.12.2008,GR
Schawalder,Claudia,lic. iur.,Schawalder + Kocher,Landstrasse 180,7250,Klosters,18.06.1998,GR
Schlegel,Mathias,MLaw,Kunz Schmid Rechtsanwälte und Notare AG,Gäuggelistrasse 1,7001,Chur,26.06.2025,GR
Schmid,Fortunat,lic. iur.,Advokatur Notariat Schmid,Reichsgasse 55,7000,Chur,18.06.2010,GR
Schmid,Luzius,Dr. iur.,Advokatur Notariat Schmid,Reichsgasse 55,7000,Chur,11.07.1977,GR
Schmid,Patrik,MLaw,Brändli Rechtsanwälte AG,Aquasanastrasse 8,7000,Chur,29.06.2021,GR
Schmid,Sina,,Catrina M.A. HSG Brändli Rechtsanwälte AG,Aquasanastrasse 8,7000,Chur,26.06.2025,GR
Schmid,Martin,Dr. iur.,DRSP Advokatur & Notariat,Hartbertstrasse 11,7001,Chur,11.06.1987,GR
Schmid,Lorenzo Alessandro Giovanni,lic. iur.,Fryberg Augustin Breitenmoser Partner,Quaderstrasse 8,7000,Chur,12.01.1990,GR
Schmid,Martin,Dr. iur.,Kunz Schmid Rechtsanwälte und Notare AG,Gäuggelistrasse 1,7001,Chur,19.06.1997,GR
Schmid,Christoffel Martina Judith,lic. iur.,Schmid Christoffel Rechtsanwälte AG Obere,Strasse 19,7270,Davos Platz,09.07.2007,GR
Schmid,Kistler Andrea,lic. iur.,Kistler & Kollegen,Promenade 132A,7260,Davos Dorf,25.11.1996,GR
Schmidt,Benedikt,lic. iur.,Meisser & Partners AG,Bahnhofstrasse 6,7250,Klosters,14.06.2004,GR
Schnyder,Peter,Dr. iur.,Schnyder Janett Advokatur & Notariat,Schulstrasse 1,7302,Landquart,19.06.1986,GR
Schreiber,Christian,Dr. iur.,DRSP Advokatur & Notariat,Hartbertstrasse 11,7001,Chur,14.07.1975,GR
Schucan,Charlotte,lic. iur.,Schucan & Wohlwend,Stradun 122,7524,Zuoz,12.01.1995,GR
Schuler,Frank,Dr. iur.,BänzigerPallySchuler KLG,Bahnhofstrasse 7,7001,Chur,16.01.2004,GR
Schwarz,Robert Martin,Dr. iur.,Advokatur Robert M.Schwarz,Langenjohnstrasse 10,7000,Chur,09.01.1987,GR
Schwarzenbach,Diego Francesco,lic. iur.,Schwarzenbach & Pfiffner Via,Maistra 7,7500,St. Moritz,21.06.1991,GR
Sonder,Marianne,Dr. iur.,DRSP Advokatur & Notariat,Hartbertstrasse 11,7001,Chur,03.07.1978,GR
Sprecher,Johann Florian,Dr. iur.,"Advokaturbüro J.F. Sprecher Furrastein,",Arosastrasse 48,7057,Langwies,04.01.1983,GR
Steger,Mirjam,MLaw,Kanzlei Mirjam Steger Veia da,Lantsch 1,7450,Tiefencastel,10.11.2010,GR
Steinbacher,Barbara,,M.A. HSG Kanzlei Steinbacher,Bahnhofstrasse 11,7302,Landquart,06.07.2018,GR
Stoehr,Andrea-Franco,MLaw,LL.M. Nievergelt & Stoehr AG,Crappun 8,7503,Samedan,25.01.2013,GR
Sturzenegger,Ladina,lic. iur.,Advokaturbüro Ladina Sturzenegger Via,Giarsun 52,7504,Pontresina,16.05.2007,GR
Suenderhauf,Martin,lic. iur.,Advokatur Martin Suenderhauf Obere,Plessurstrasse 51,7001,Chur,15.06.1989,GR
Suenderhauf,Christoph,lic. iur.,Suenderhauf Sax Schäfer,Gäuggelistrasse 29,7001,Chur,01.06.1987,GR
Tenchio,Kristina,Dr. iur.,Tenchio & Partner Obere,Plessurstrasse 36,7000,Chur,03.03.2000,GR
Tenchio,Luca,Dr. iur.,Tenchio & Partner Obere,Plessurstrasse 36,7000,Chur,18.06.1998,GR
Thöny,Christian,lic. iur.,et oec. Caviezel Thöny Cantieni Scarpatetti,Bahnhofstrasse 8,7000,Chur,13.06.1985,GR
Thöny,Mario,lic. iur.,Caviezel Thöny Cantieni Scarpatetti,Bahnhofstrasse 8,7000,Chur,19.12.2008,GR
Tinner,Fabia,MLaw,Vincenz & Partner,Masanserstrasse 40,7000,Chur,30.05.2024,GR
Togni,Carolina,MLaw,Kunz Schmid Rechtsanwälte und Notare AG,Gäuggelistrasse 1,7001,Chur,18.12.2020,GR
Toller,Marco,Dr. iur.,et lic. oec. HSG Advokatur Marco Toller,Teuchelweg 25,7000,Chur,17.06.1983,GR
Tomaschett,Marc,lic. iur.,Advokatur Tomaschett St.,Martinsplatz 8,7001,Chur,09.01.1987,GR
Tomaschett-Murer,Regula,lic. iur.,Advokatur Tomaschett St.,Martinsplatz 8,7001,Chur,11.06.1987,GR
Toschini,Andrea,lic. iur.,Studio legale avv. Andrea Toschini,Piaza 10,6535,Roveredo,18.06.1998,GR
Tramèr,Franco,lic. iur.,Advokatur Franco Tramèr Via,Somplaz 1,7500,St. Moritz,12.01.1995,GR
Vecellio,Stefania,MLaw,Studio legale Stefania Vecellio Via,Solaria 3,7746,Le Prese,05.07.2012,GR
Ventrici,Caterina,MLaw,Areum Rechtsanwälte AG,Sennhofstrasse 19,7001,Chur,04.07.2014,GR
Viletta,Rudolf,Dr. iur.,Advokaturbüro Rudolf Viletta Giarsun,,7545,Guarda,11.06.1987,GR
Vincenz,Martin Andrea,lic. iur.,Vincenz & Partner,Steinbruchstrasse 12,7000,Chur,22.06.2001,GR
Visinoni,Fabrizio Riccardo,lic. iur.,Visinoni & Metzger Via dal,Bagn 3,7500,St. Moritz,24.06.1999,GR
Vital,Armon,lic. iur.,Advokaturbüro Armon Vital Stradun,,7550,Scuol,12.01.1989,GR
Vital,Chasper Conradin,MLaw,Perl Advokatur und Notariat,Vazerolgasse 2,7001,Chur,23.01.2020,GR
Vital,Peter Andri,Dr. iur.,Vital & Schucan Chesa Planta,,7524,Zuoz,12.01.1989,GR
Vogel,Erich,lic. iur.,Advokatur Vogel,Bahnhofstrasse 56,7302,Landquart,22.06.2001,GR
von,Planta Flurin,Dr. iur.,Vincenz & Partner,Masanserstrasse 40,7000,Chur,12.02.1988,GR
Vonmoos,Schimun,Dr. iur.,Advokatur Schimun Vonmoos,Dianaweg 4,7000,Chur,18.01.1960,GR
Wagner,Patrik,Dr. iur.,wadavos Advokatur & Notariat,Rosenhügelweg 6,7270,Davos Platz,16.06.1988,GR
Walker,Nicolas Alessandro,MLaw,DRSP Law,Hartbertstrasse 11,7001,Chur,29.11.2024,GR
Weidinger,Peter Andrea,lic. iur.,Advokatur Weidinger,Brandisstrasse 8,7000,Chur,18.06.1993,GR
Weingart,Claudio,Dr. iur.,Kunz Schmid Rechtsanwälte und Notare AG,Gäuggelistrasse 1,7001,Chur,20.01.2012,GR
Wieser,Andrea Constant,lic. iur.,"Advokatur Wieser & Wieser Chesa Wieser, Via",Dimvih 6,7524,Zuoz,18.06.2004,GR
Wieser,Marc Eduard,Dr. iur.,"Advokatur Wieser & Wieser Chesa Wieser, Via",Dimvih 6,7524,Zuoz,25.06.1981,GR
Wohlwend-Filli,Elena,MLaw,Schucan & Wohlwend,Stradun 122,7524,Zuoz,27.09.2011,GR
Wunderlich,Wolfgang Alfred,lic. iur.,et lic. oec. HSG Advokatur Wolfgang Wunderlich Obere,Gasse 41,7000,Chur,07.01.1977,GR
Zegg,Henri,lic. iur.,Vincenz & Partner,Steinbruchstrasse 12,7000,Chur,16.06.1988,GR
Zendralli,Antonio,lic. iur.,Studio legale Antonio Zendralli Via de la,Grida 11,6535,Roveredo,22.01.1968,GR
Zinsli,Hans Jürg,Dr. iur.,Dr. H.J. Zinsli Advokatur und Notariat Via,Maistra 5,7500,St. Moritz,04.09.1972,GR
Zinsli,Gian Reto,lic. iur.,Gadient + Partner,Werkstrasse 2,7000,Chur,23.06.2000,GR
Zinsli,Urs,Dr. iur.,Gadient + Partner,Werkstrasse 2,7000,Chur,23.08.1971,GR
